IP,Browser,Operating System,Date Time
176.60.52.17,Google,Windows,24/Jan/2018:00:00:25 +0300
176.60.52.17,Brave,Other,24/Jan/2018:00:00:25 +0300
176.60.52.17,Safari,Mac OS,24/Jan/2018:00:00:25 +0300
176.60.52.17,Mozilla,Linux,24/Jan/2018:00:00:25 +0300
176.60.52.17,Mozilla,Windows,24/Jan/2018:00:00:25 +0300
176.60.52.17,Mozilla,Mac OS,24/Jan/2018:00:00:25 +0300
176.60.52.17,Googlebot,Other,24/Jan/2018:00:00:25 +0300
203.45.67.89,Firefox,Windows,25/Jan/2018:12:34:56 +0500
124.56.78.90,Opera,Windows,26/Jan/2018:23:45:01 -0800
78.90.12.34,Edge,Windows,27/Jan/2018:09:15:30 +0200
210.32.45.67,Safari,Mac OS,28/Jan/2018:18:09:45 -0400
176.98.76.54,Chrome,Windows,29/Jan/2018:03:27:10 +0300
45.67.89.12,Firefox,Windows,30/Jan/2018:14:56:32 -0700
89.12.34.56,Edge,Windows,31/Jan/2018:08:13:22 +0100
123.45.67.89,Safari,Mac OS,01/Feb/2018:19:45:56 -0500
56.78.90.12,Chrome,Windows,02/Feb/2018:05:01:17 +0800
98.76.54.32,Firefox,Windows,03/Feb/2018:16:30:45 -0400
21.43.65.87,Opera,Windows,04/Feb/2018:23:12:33 +0300
34.56.78.90,Edge,Windows,05/Feb/2018:10:22:15 -0700
43.21.65.87,Safari,Mac OS,06/Feb/2018:08:45:23 +0100
87.65.43.21,Chrome,Windows,07/Feb/2018:14:37:59 +0200
98.76.54.32,Firefox,Windows,08/Feb/2018:20:59:41 -0500
109.87.65.43,Opera,Windows,09/Feb/2018:11:11:10 +0800
45.67.89.12,Edge,Windows,10/Feb/2018:09:24:53 -0400
76.54.32.10,Safari,Mac OS,11/Feb/2018:15:42:27 +0300
21.43.65.87,Chrome,Windows,12/Feb/2018:18:03:14 -0700
34.56.78.90,Firefox,Windows,13/Feb/2018:23:54:38 +0100
